type,features
FeatureCollection,"{'type': 'Feature', 'id': 'way/53644239', 'properties': {'addr:housenumber': '3', 'addr:street': 'Erlimattweg', 'amenity': 'community_centre', 'building': 'yes', 'community_centre': 'events_venue', 'healthcare': 'centre', 'healthcare:speciality': 'vaccination', 'name': 'Stadthalle', 'vaccination': 'covid19', 'id': 'way/53644239'}, 'geometry': {'type': 'Polygon', 'coordinates': [[[7.9011368, 47.3432175], [7.9011128, 47.3432136], [7.9009184999999995, 47.3430061], [7.9007812, 47.3430663], [7.9006881, 47.3429682], [7.9007095, 47.3428083], [7.9007241, 47.3428019], [7.9007178, 47.3427952], [7.9007226, 47.3427788], [7.9012809, 47.3425356], [7.9013046, 47.3425394], [7.901438, 47.3426797], [7.9015747, 47.3426202], [7.9017666, 47.3428235], [7.9016297, 47.3428832], [7.9017001, 47.3429578], [7.9016949, 47.3429742], [7.9011368, 47.3432175]]]}}"
FeatureCollection,"{'type': 'Feature', 'id': 'way/55586065', 'properties': {'addr:housenumber': '12', 'addr:street': 'Grienackerweg', 'building': 'yes', 'healthcare': 'centre', 'healthcare:speciality': 'vaccination', 'source': 'SO!GIS Import', 'vaccination': 'covid19', 'id': 'way/55586065'}, 'geometry': {'type': 'Polygon', 'coordinates': [[[7.5392595, 47.4087661], [7.5389806, 47.4087792], [7.5389764, 47.4087384], [7.5388345, 47.4087451], [7.5388062, 47.4084715], [7.5389479, 47.4084647], [7.5389438, 47.4084245], [7.5392227, 47.4084112], [7.5392269, 47.4084514], [7.5395719, 47.408435], [7.5395775, 47.4084884], [7.5395965, 47.4085289], [7.5396059, 47.4085709], [7.5396053, 47.4086135], [7.5395947, 47.4086554], [7.5396, 47.4087088], [7.5392553, 47.408725], [7.5392595, 47.4087661]]]}}"
